{"cameraMode":{"drawMode":0,"name":"Shaded","section":"Shading Mode"},"sceneLighting":false,"audioPlay":false,"sceneViewState":{"showFog":false,"showMaterialUpdate":false,"showSkybox":false,"showFlares":false,"showImageEffects":false,"showParticleSystems":true},"in2DMode":false,"pivot":{"x":-0.819618821144104,"y":0.8326845169067383,"z":3.168919563293457},"rotation":{"x":0.15682850778102876,"y":-0.016294943168759347,"z":0.0025879156310111286,"w":0.9874880313873291},"size":13.736572265625,"orthographic":false}