{"cameraMode":{"drawMode":0,"name":"Shaded","section":"Shading Mode"},"sceneLighting":false,"audioPlay":false,"sceneViewState":{"showFog":false,"showMaterialUpdate":false,"showSkybox":false,"showFlares":false,"showImageEffects":false,"showParticleSystems":true},"in2DMode":false,"pivot":{"x":283.95233154296877,"y":35.30164337158203,"z":43.73352813720703},"rotation":{"x":-0.2419014573097229,"y":-0.518746554851532,"z":0.1558743268251419,"w":-0.8050397038459778},"size":107.15737915039063,"orthographic":false}