{"cameraMode":{"drawMode":0,"name":"Shaded","section":"Shading Mode"},"sceneLighting":false,"audioPlay":false,"sceneViewState":{"showFog":false,"showMaterialUpdate":false,"showSkybox":false,"showFlares":false,"showImageEffects":false,"showParticleSystems":true},"in2DMode":false,"pivot":{"x":6.771271228790283,"y":-5.159392356872559,"z":-1.8559918403625489},"rotation":{"x":-0.02812509983778,"y":-0.9640220403671265,"z":0.23867681622505189,"w":-0.11359477788209915},"size":31.539743423461915,"orthographic":false}