{"cameraMode":{"drawMode":0,"name":"Shaded","section":"Shading Mode"},"sceneLighting":false,"audioPlay":false,"sceneViewState":{"showFog":false,"showMaterialUpdate":false,"showSkybox":false,"showFlares":false,"showImageEffects":false,"showParticleSystems":true},"in2DMode":false,"pivot":{"x":168.27792358398438,"y":342.9453125,"z":155.6260223388672},"rotation":{"x":-0.08517175912857056,"y":-0.16011030972003938,"z":0.0138675756752491,"w":-0.9833199977874756},"size":1754.7738037109375,"orthographic":false}